Seq,ID,Motif, Motif Length, Repeat Count, Total Length, Start Pos, End Pos, Purity, A, T, C, G, Insertions, Deletions, Substitutions, Raw Sequence, Sequence, Left flank, Right flank, Truncated?, InCompound?, Compound?, Subsequences, Secondary Motifs, Hotspot, Hotspot Region
1,0,CA, 2, 29.000000, 61, 1, 61, 0.878788, 0.409836, 0.000000, 0.590164, 0.000000, 0, 5, 3, CACACCACACCCACACACCCACACACCACACCACACACCACACCACACCCACACACACACA, CACAC-CACAC*CACACAC*CACACAC-CACAC-CACACAC-CACAC-CACAC*CACACACACACA, --------------------------------------------------, TCCTAACACTACCCTAACACAGCCCTAATCTAACCCTGGCCAACCTGTCT, 0, 0, 0, , AC , 
1,122,CG, 2, 5.000000, 12, 1455, 1466, 0.800000, 0.166667, 0.000000, 0.416667, 0.416667, 2, 0, 0, CGACGCGACGCG, CG+CGCG+CGCG, GCCCTGATCTGCAATCTTGTTCTTAGAAGTGACGCATATTCTATACGGCC, CCAAAAAATGAAAAACGAAGCAGCGACTCATTTTTATTTAAGGACAAAGG, 0, 0, 0, , , 
1,1450,CA, 2, 6.500000, 13, 17294, 17306, 0.928571, 0.461538, 0.000000, 0.538462, 0.000000, 0, 1, 0, CACACACACACCA, CACACACACAC-CA, GAATAGATCTTATTTTTTGGCTGTCTAGATAATAAACATACCGTTTTTAA, ATGAGTAGACGTTATTGCGACTGTATGCCCTTTAAGATATTCTGTTCAAA, 0, 0, 0, , AC , 
1,1811,GT, 2, 5.000000, 10, 21470, 21479, 0.833333, 0.000000, 0.500000, 0.000000, 0.500000, 0, 2, 0, GTTGTGGTGT, GT-TGTG-GTGT, AAAAATCGCAGACAGGCTTTATTGTGCTGTTTGACATAGTATACTCAGCC, TAATGAATACTATCGATGTGTATACAAACGTACTTCAAATAAGCAATGCG, 0, 0, 0, , TG , 
1,1869,GA, 2, 5.000000, 11, 22171, 22181, 0.833333, 0.454545, 0.000000, 0.090909, 0.454545, 0, 1, 1, GAAGAGAGCGA, GA-AGAGAG*GA, TTGTAGGACCACGATATATAAGAAGCCTAGTTCCGTTGTAGCATCACATA, CAATGCCTCAGAAATTCTACAGCAACAGAAAGCACAGTGAGTCATTAACT, 0, 0, 0, , AG , 
1,2291,GT, 2, 6.000000, 14, 28315, 28328, 0.833333, 0.071429, 0.428571, 0.071429, 0.428571, 2, 0, 0, GTCGTGTGTGATGT, GT+GTGTGTG+TGT, TGAATTGTCAGGAACAAAGAAGAAAAAGAAAAGTTTTTAAAAAATCTGTG, ACCTTTCCTTTACATGCATTAATGCGCTCTGAAATGTGGTACGATATCCT, 0, 0, 0, , TG , 1(1.1), 3-4kb,
1,2577,CA, 2, 11.000000, 22, 31484, 31505, 1.000000, 0.500000, 0.000000, 0.500000, 0.000000, 0, 0, 0, CACACACACACACACACACACA, CACACACACACACACACACACA, TCTGACTTTGAGCCGTTCGAACTCAGTTATATAAAGGTACATACATAGGC, TATATATATATATATAGGGAAGTAGCAACAGTCACCGAAAAGAAAAGGTA, 0, 0, 0, , AC , 1(1.1), 0-1kb,
1,2806,AC, 2, 5.500000, 11, 34403, 34413, 0.916667, 0.454545, 0.000000, 0.545455, 0.000000, 0, 1, 0, ACACACACCAC, ACACACAC-CAC, TCCGATGGACATCACATTGCATGAAAGAAAGTACACAGGGTCCATGTGCT, GATTTTGAGGCAGTAATAGAAGCTTTGGAAGAAGGCAGGATTGACATTGA, 0, 0, 0, , CA , 1(1.1), 0-1kb,
1,3362,AG, 2, 5.000000, 12, 41283, 41294, 0.833333, 0.416667, 0.000000, 0.083333, 0.500000, 0, 0, 2, AGGGAGACAGAG, AG*GAGA*AGAG, TATATAATCAATCCAGGGAGAAAATCGTCATCTATTCCAATGACTGCGAT, ATTAATTTTAAGCCAAGAGAAGCCAGTAGGTAAAACTGTTGTATTGCATG, 0, 0, 0, , GA , 
1,3511,CA, 2, 5.000000, 10, 43150, 43159, 0.833333, 0.500000, 0.000000, 0.500000, 0.000000, 0, 2, 0, CAACACCACA, CA-ACAC-CACA, ATATCTTGTAATTCATCATCTGTTGCGGTGGACCAACTAGATTTGTTTTT, AATGCAGCAACTGCTTGACCAGTCAAGTCATCGTTGAATCCGACAACAGC, 0, 0, 0, , AC , 
1,3913,CA, 2, 6.000000, 12, 48364, 48375, 0.857143, 0.500000, 0.000000, 0.500000, 0.000000, 0, 2, 0, CAACACCACACA, CA-ACAC-CACACA, TATATTTCATAGAAAACCGCTCAAAAAGGTGTATTATCTCCATTACATCC, TATTTCAGCGATAAAAACCTTAAATGTGAAATTCGCTTTGGCTCTGCTTC, 0, 0, 0, , AC , 
1,3963,AG, 2, 5.000000, 10, 48955, 48964, 1.000000, 0.500000, 0.000000, 0.000000, 0.500000, 0, 0, 0, AGAGAGAGAG, AGAGAGAGAG, TTGGAAAAAGATATGTTTTATTGGAAAGATAAAGCTATGAAGCTACTAAC, GTGAATGAATCAGGCAAGAGATCAGCAAGTCCGATCAATACAAACAATGC, 0, 0, 0, , GA , 
1,4596,TC, 2, 6.000000, 13, 56324, 56336, 0.857143, 0.000000, 0.461538, 0.538462, 0.000000, 0, 1, 1, TCTCCCTCTCTTC, TCTC*CTCTCT-TC, CATTTTTTCAAGAACATAATCCGAGCTCAGCTCTAAAGTTTCCTCCAGGG, TTTATCAAGAAGATGGGCATTTTCATCTTGCTCATTAAAATGCGTCAATA, 0, 0, 0, , , 1(2.1), 1-2kb,
1,4668,TC, 2, 5.000000, 10, 57266, 57275, 0.833333, 0.000000, 0.500000, 0.500000, 0.000000, 0, 2, 0, TCTTCTCCTC, TCT-TCTC-CTC, CACTTTACACACTTCAGGTTCCAGTTCCTGTTGTAGTTTATCGGTGATCA, CGGAGTCATTGCCATCTGCGTTGAGTACCAAAGCTTTGAGCCCGTCAGAA, 0, 0, 0, , , 1(2.1), 0-1kb,
1,5418,GA, 2, 5.000000, 10, 66738, 66747, 0.833333, 0.500000, 0.000000, 0.000000, 0.500000, 0, 2, 0, GAGAAGAGGA, GAGA-AGAG-GA, CAACATAATGGCACCCAATTTGATCTCGTTGATGTTCAAAGAGGGGCCTT, CGATTTATTAATAGCAGTACCAGCAGCGTTATTTAATAAGGCCAGTTTCT, 0, 0, 0, , AG , 1(3.1), 1-2kb,
1,6247,AG, 2, 5.000000, 10, 77024, 77033, 0.833333, 0.500000, 0.000000, 0.000000, 0.500000, 0, 2, 0, AGAAGAGGAG, AGA-AGAG-GAG, CTTGAAGAACAAGAAAAGTTGGAAAGAGAGGAAGAAGAAAGATTGGAGAA, GAAAGATTGGCCAACGAAGAAAAAATGAAGGAAGAAGCTAAAGCAGCTAA, 0, 0, 0, , , 1(3.2), 0-1kb,
1,6350,AC, 2, 5.000000, 10, 78465, 78474, 0.833333, 0.500000, 0.000000, 0.500000, 0.000000, 0, 2, 0, ACACCACAAC, ACAC-CACA-AC, TACTGTGTGGTATGAATGGTCCAATTGTAACGAATATCAGAGCATTACTA, CATTACGTGAACTACGTTTGAAATCTGAATATGTCCACCACAAAGAAGTC, 0, 0, 0, , CA , 1(3.1), 2-3kb,
1,6364,GT, 2, 5.000000, 10, 78688, 78697, 0.833333, 0.000000, 0.500000, 0.000000, 0.500000, 0, 2, 0, GTGTTGTGGT, GTGT-TGTG-GT, TATGGATGATTTGACTGGTTTGTTGGACTCCGTTGACACAACTGGTAAAG, CCAAGCATCCACCTTGGGTTCTTTGGAAGCTTTGTTGGATTTCTTGAAAG, 0, 0, 0, , TG , 1(3.1), 2-3kb,
1,7283,CA, 2, 5.500000, 12, 90199, 90210, 0.833333, 0.416667, 0.000000, 0.500000, 0.083333, 1, 1, 0, CAGCACACCACA, CA+CACAC-CACA, TCAAAAGTCCATCTTGATGGAAAGCCTGCACATGAAATCCTGATTGTTTC, AGCTCTTAATTGCGATAAGACCATCAAATTATCGAACTCCCATGGCTTTT, 0, 0, 0, , AC , 
1,8099,TC, 2, 5.000000, 10, 100555, 100564, 0.833333, 0.000000, 0.500000, 0.500000, 0.000000, 0, 2, 0, TCTCCTCTTC, TCTC-CTCT-TC, ATCATCACTTTCCTCTTCTTCATCCCAGTCTTCTTCCTCGTCCTGAGAAT, CATTTGACCCATTATCTTCTTCCAGACCTTTTCGTCAACATTTAATGGTT, 0, 0, 0, , CT , 
1,8108,CT, 2, 5.000000, 12, 100694, 100705, 0.833333, 0.000000, 0.500000, 0.500000, 0.000000, 0, 0, 2, CTTTCTCTCCCT, CT*TCTCTC*CT, TCCATCAATTCTTTTTCGATGGCTTTTTCAATCTTGGCAGCTACCAATGC, GTTTTGTTCTCTTCTTTTGACCTTTGGTGCTACACCAACGTAGTGTCTCT, 0, 0, 0, , TC , 
1,8251,AG, 2, 5.000000, 10, 102436, 102445, 0.833333, 0.400000, 0.000000, 0.000000, 0.600000, 0, 2, 0, AGGAGAGGAG, AG-GAGAG-GAG, TGCGCCGCTTGCACAGCAACATCAACATTAGCTGACACGTCTATTTTTTC, GAAGTAAAGCCTTCCTTCTCGGATTGATCTGGAGTAAAGGGGATATTCAT, 0, 0, 0, , GA , 
1,8815,GT, 2, 5.000000, 10, 109672, 109681, 0.833333, 0.000000, 0.500000, 0.000000, 0.500000, 0, 2, 0, GTGTTGTGGT, GTGT-TGTG-GT, CCGACTGATTTTGCTCACGCTGAACATGACCACACAAATGGTGACCACGA, AAAAAAGTATAGAAGAATCCCGCCCGTAGTAGACACAGAAGAGTTCTCGA, 0, 0, 0, , TG , 1(4), 3-4kb,
1,8897,AG, 2, 10.000000, 20, 110697, 110716, 1.000000, 0.500000, 0.000000, 0.000000, 0.500000, 0, 0, 0, AGAGAGAGAGAGAGAGAGAG, AGAGAGAGAGAGAGAGAGAG, ATAAAAAGATACTTAAGTAAGAAAGAAACAGGACGAAAAAGATACGCAAA, AAAAAAAAGATGAGAAAAAAAAGTATAACGTGAAGGCTTTATGGGAAGTG, 0, 0, 0, , GA , 1(4), 2-3kb,
1,10207,CT, 2, 5.000000, 11, 126494, 126504, 0.900000, 0.000000, 0.454545, 0.454545, 0.090909, 1, 0, 0, CTCTCTGCTCT, CTCTCT+CTCT, TCAAATTTGATCTACAATTACTGGAAAATTTTGTCTCGAGGTTCACAATA, AACCACTTTGGTGCCCGTGGTATCGTTAGATGTCGTTACTGAGCAACTAT, 0, 0, 0, , TC , 1(5.1), 2-3kb,
1,10442,AG, 2, 5.000000, 10, 129659, 129668, 0.833333, 0.500000, 0.000000, 0.000000, 0.500000, 0, 2, 0, AGGAGAAGAG, AG-GAGA-AGAG, AAGCAAGGAAGAGGAAAAGAGTCAAGAACTGGAAGAGGCAATTGACAGCA, CACCGACGCCAGGGACGAGCAAGGGGACGAAGGTGATAATGAGGAGGAAA, 0, 0, 0, , GA , 1(5.1), ORF,
1,10873,TG, 2, 5.000000, 10, 135298, 135307, 0.833333, 0.000000, 0.500000, 0.000000, 0.500000, 0, 2, 0, TGTGGTGTTG, TGTG-GTGT-TG, GATTTTTTAACAAATTTCGAGTCATGTAGTAATTTCTTGTCATTGTCGAC, TCACTACTCAACGTATTCGCACTACTAACACTGAAATTGAGGTTTGGTTG, 0, 0, 0, , , 1(5.1), 3-4kb,
1,11001,TG, 2, 5.500000, 12, 136746, 136757, 0.833333, 0.000000, 0.500000, 0.083333, 0.416667, 1, 1, 0, TGTTGTGTCGTG, TGT-TGTGT+GTG, CATCTATGTTCACACATAAATTATATTTTATACATTATTAGAAGTGAAGC, AAAATTTTACAAATCCGTCATTTCATATTTAAGTTTTCCAACAAGTGCTA, 0, 0, 0, , GT , 
1,11360,CT, 2, 5.000000, 12, 141656, 141667, 0.833333, 0.000000, 0.500000, 0.500000, 0.000000, 0, 0, 2, CTTTCTCTCCCT, CT*TCTCTC*CT, AGTCCTCGAAACGATCAGCTAATCTAAATGGCCCCCCTTCTTTTTGGGTT, TTTGCCGCCGATGGAACGTTCTGGAAAAAGAAGAATAATTTAATTACTTT, 0, 0, 0, , TC , 
1,11644,GA, 2, 5.000000, 10, 145096, 145105, 0.833333, 0.500000, 0.000000, 0.000000, 0.500000, 0, 2, 0, GAAGAGAGGA, GA-AGAGAG-GA, TGCAACCTTACTGTCCACTGGCAAACTTGTTGAAGCTAGATAATAATACG, CTAAGCAACTTATGGAACCATTTTACAATCTGTCCTTGGCTGCCCTAAGG, 0, 0, 0, , AG , 
1,12020,CT, 2, 5.500000, 12, 149405, 149416, 0.916667, 0.000000, 0.500000, 0.416667, 0.083333, 0, 0, 1, CTCTCTGTCTCT, CTCTCT*TCTCT, TTCTCTCAGGTATGCTACCCCACCAATCGTATTCATAACTTTCAAAATGG, GTAGTGAACGCAAAGAGCGGGCAGAAAAGCCGCCGAAGTTAACCACCTTG, 0, 0, 0, , TC , 1(1) CS, 2-3kb,
1,12171,TC, 2, 6.000000, 12, 151199, 151210, 0.857143, 0.000000, 0.500000, 0.500000, 0.000000, 0, 2, 0, TCCTCTTCTCTC, TC-CTCT-TCTCTC, ATAAATCGTCAGTACCATTTTTCTTGTGGCTAGTTGGCTTCAACCAAACG, TTATGGCAAGAAGAAAGTTATATGTGTGACTGGTTGTTTATTTCACTTTC, 0, 0, 0, , CT , 1(1) CS, 1-2kb,
1,12296,AG, 2, 5.000000, 10, 152571, 152580, 0.833333, 0.500000, 0.000000, 0.000000, 0.500000, 0, 2, 0, AGAAGAGGAG, AGA-AGAG-GAG, TCCGTAGTTGTTTCTGCAGTGGGTGAAGCCAGAAACGACATTGAGAATAA, TATGATGAAACACATGAAACTAACATCTCCAATGCAAAGCTTGCAAACTT, 0, 0, 0, , , 1(1) CS, ORF,
1,12842,AG, 2, 5.500000, 13, 159156, 159168, 0.833333, 0.384615, 0.076923, 0.000000, 0.538462, 1, 0, 1, AGAGGGAGATGAG, AGAG*GAGA+GAG, GTGCTGTGGCTGCATTTGAACAATCTTGCCGATGTGAAATTAATAAGACA, ATTATGGAGGGAATAACATTAGAGCGGGGCGCCAAACTATCTAAAATTGT, 0, 0, 0, , , 
1,13550,CA, 2, 5.000000, 10, 168599, 168608, 0.833333, 0.500000, 0.000000, 0.500000, 0.000000, 0, 2, 0, CACCACAACA, CAC-CACA-ACA, AGTATATTAAGTTTCGAATTGAAGGGCGAACTCTTATTCGAAGTCGGAGT, CTTCCGCCCATACTCTCCGAATCCTCGTTTCCTAAAGTAAGTTTACTTCC, 0, 0, 0, , , 
1,13931,GA, 2, 5.000000, 11, 173362, 173372, 0.833333, 0.454545, 0.000000, 0.000000, 0.545455, 0, 1, 1, GAGAAGAGGGA, GAGA-AGAG*GA, TGAAGATATGGTCAGATGGGGAAAGTTTGAAATGCTCTTGTGTCGCATTG, CGCGTTGCCATCAAAGAATGAACAGGGGACCTTGATGGAGACTGTACCGA, 0, 0, 0, , AG , 
1,16801,TC, 2, 5.000000, 11, 209817, 209827, 0.833333, 0.000000, 0.454545, 0.454545, 0.090909, 0, 1, 1, TCGCTCTCTTC, TC*CTCTCT-TC, AGTTAATGATTCACTGTGCTTTCTGTTGCTGTAGAATTTCTGAGGCATTG, TATGTGATGCTACAACGGAACTAGGCTTCTTATATATCGTGGTCCTACAA, 0, 0, 0, , CT , 
1,16857,AC, 2, 5.000000, 10, 210518, 210527, 0.833333, 0.500000, 0.000000, 0.500000, 0.000000, 0, 2, 0, ACACCACAAC, ACAC-CACA-AC, CACATTGCTTATTTGAAGTATGTTTGTATACACATCGATAGTATTCATTA, TGCTGTGTATACTATGTCAAACAGCATAATAAAGCCCGTCATTTTTGTAC, 0, 0, 0, , CA , 
1,17666,GA, 2, 5.000000, 11, 220230, 220240, 0.833333, 0.454545, 0.000000, 0.090909, 0.454545, 0, 1, 1, GAAGAGAGCGA, GA-AGAGAG*GA, GAATAGGATGTTGATTGATTTTTGCTGTAGTTATATAGCAGGGACCCACG, GCGCCTTCTTTCACAGGGACTTTTGTCAGCCACGTCTCCGGGGAAAACAA, 0, 0, 0, , AG , 
1,17929,GC, 2, 5.500000, 12, 223787, 223798, 0.833333, 0.083333, 0.000000, 0.500000, 0.416667, 1, 1, 0, GCCGCGCGACGC, GC-CGCGCG+CGC, ATATAAGAAAGTTAATATCATTTTTGAACATTTTATTTTAGACGCCTTCA, CCGGAGTAATCATATGCCCATGACTTTACCAAAAGGCAACAGGGAGGAAC, 0, 0, 0, , CG , 
1,18231,CG, 2, 6.000000, 12, 227356, 227367, 0.857143, 0.000000, 0.000000, 0.583333, 0.416667, 0, 2, 0, CGCCGCGCCGCG, CGC-CGCGC-CGCG, ATGTCTGTTCTCTACATTGCTTTTTATTCAAGATTATTGGTTTTCCTAAC, CAGGTACCCCGCGCATCTCTTCTTCTCGAAGAAAGCGGAAAAAACAAAAA, 0, 0, 0, , , 
1,18452,GT, 2, 43.500000, 96, 230108, 230203, 0.852941, 0.000000, 0.375000, 0.000000, 0.625000, 0, 6, 9, GTGTGGTGTGTGGGTGTGGTGTGGGTGTGGGTGTGGGTGTGGGTGTGGGTGTGGGTGTGGTGTGGTGTGTGGGTGTGGTGTGGGTGTGGTGTGTGT, GTGTG-GTGTGTG*GTGTG-GTGTG*GTGTG*GTGTG*GTGTG*GTGTG*GTGTG*GTGTG-GTGTG-GTGTGTG*GTGTG-GTGTG*GTGTG-GTGTGTGT, TGACATGGAGTTAGAATTGGGTCAGTGTTAGTGTTAGTGTTAGTATTAGG, GGG-----------------------------------------------, 0, 0, 0, , TG , 

Total Counts and %gc in each hotspot region:
Hotspot, ORF, 0-1kb, 1-2kb, 2-3kb, 3-4kb, ORF %gc, 0-1kb %gc, 1-2kb %gc, 2-3kb %gc, 3-4kb %gc,
1(1.1),0,2,2,2,3,0.487627,0.431077,0.419370,0.409406,0.400952
1(1.2),0,,,,,0.501603,,,,
1(2.1),0,1,2,2,6,0.481273,0.454635,0.446009,0.427442,0.408846
1(2.2),0,,,,,0.460136,,,,
1(3.1),0,0,2,4,,0.530864,0.434164,0.411821,0.408499,
1(3.2),0,1,,,,0.461743,0.400974,,,
1(3.3),0,,,,,0.391791,,,,
1(3.4),0,,,,,0.436937,,,,
1(4),0,0,0,1,2,0.552894,0.498001,0.478209,0.451014,0.432571
1(5.1),1,1,1,2,3,0.511478,0.461718,0.444825,0.425359,0.416706
1(5.2),0,,,,,0.486920,,,,
1(6),0,0,0,0,0,0.520104,0.482497,0.486481,0.476887,0.450006
1(1) CS,1,1,2,3,3,0.395679,0.354972,0.361922,0.367848,0.370374
